rotation,ace,error,in_play
R1,0.06060606060606061,0.1038961038961039,0.8354978354978355
R2,0.04932735426008968,0.16143497757847533,0.7892376681614349
R3,0.0423728813559322,0.1694915254237288,0.788135593220339
R4,0.07589285714285714,0.24553571428571427,0.6785714285714286
R5,0.03619909502262444,0.19909502262443438,0.7647058823529412
R6,0.05963302752293578,0.21100917431192662,0.7293577981651376
