rotation,serve_win
1,0.3375
2,0.32666666666666666
3,0.3175182481751825
4,0.30952380952380953
5,0.2664835164835165
6,0.335149863760218
