rotation,Efficiency_sim,Efficiency_real
1,0.3375,0.354978354978355
2,0.3266666666666666,0.30493273542600896
3,0.3175182481751825,0.3305084745762712
4,0.3095238095238095,0.3125
5,0.2664835164835165,0.2850678733031674
6,0.335149863760218,0.29357798165137616
