rotation_number,Efficiency_real
1,0.354978354978355
2,0.30493273542600896
3,0.3305084745762712
4,0.3125
5,0.2850678733031674
6,0.29357798165137616
