rotation,pass_quality
1,2.2124352331606216
2,2.0681818181818183
3,2.2419354838709675
4,1.7960526315789473
5,1.893491124260355
6,2.2264150943396226
