serve_type,pass_quality
FLOAT,2.3739495798319328
HYBRID,2.2954545454545454
JUMP,1.9353383458646616
